{"cameraMode":{"drawMode":0,"name":"Shaded","section":"Shading Mode"},"sceneLighting":true,"audioPlay":false,"sceneViewState":{"m_AlwaysRefresh":false,"showFog":true,"showSkybox":true,"showFlares":true,"showImageEffects":true,"showParticleSystems":true,"showVisualEffectGraphs":true,"m_FxEnabled":true},"in2DMode":false,"pivot":{"x":29.577194213867189,"y":-11.836843490600586,"z":49.231597900390628},"rotation":{"x":0.4162052273750305,"y":0.012271263636648655,"z":-0.005615947302430868,"w":0.9091723561286926},"size":32.734947204589847,"orthographic":false}